Name,Rank
Asan1,3
Asan2,3
Asan3,4
Asan4,4
Asan5,6
Asan6,7
Asan7,7
Asan8,8
Asan9,8.785714286
Bsan1,9.571428571
Bsan2,10.35714286
Bsan3,11.14285714
Bsan4,11.92857143
Bsan5,12.71428571
Bsan6,13.5
Bsan7,14.28571429
